City_ID,City,Lat,Lng,Max Temp,Humidity,Cloudiness,Wind Speed,Country,Date
0,Bredasdorp,-34.5322,20.0403,68.0,68,0,3.44,ZA,2021-02-02 18:23:27
1,Pangnirtung,66.1451,-65.7125,-22.0,63,40,2.06,CA,2021-02-02 18:23:27
2,Mataura,-46.1927,168.8643,53.11,94,63,1.61,NZ,2021-02-02 18:23:28
3,Petauke,-14.2426,31.3253,67.68,89,9,3.11,ZM,2021-02-02 18:23:28
4,Butembo,0.15,29.2833,64.58,64,77,3.51,CD,2021-02-02 18:23:28
5,Ketchikan,55.3422,-131.6461,32.0,100,75,4.79,US,2021-02-02 18:23:28
6,Dunmore Town,25.5,-76.65,60.85,74,23,33.55,BS,2021-02-02 18:23:28
7,Mana,5.6592,-53.7767,80.28,82,88,14.45,GF,2021-02-02 18:23:28
8,Alice Springs,-23.7,133.8833,77.0,27,37,8.05,AU,2021-02-02 18:23:29
9,Atuona,-9.8,-139.0333,78.39,77,1,16.28,PF,2021-02-02 18:23:29
10,Edd,13.9297,41.6925,79.84,48,9,22.17,ER,2021-02-02 18:23:29
11,Wanning,18.8003,110.3967,69.55,82,60,5.73,CN,2021-02-02 18:23:29
12,Bundaberg,-24.85,152.35,73.99,94,90,6.91,AU,2021-02-02 18:23:29
13,Englewood,39.6478,-104.9878,59.0,23,40,3.44,US,2021-02-02 18:19:00
14,Sorland,67.667,12.6934,32.0,59,40,8.05,NO,2021-02-02 18:23:29
15,Nikolskoye,59.7035,30.7861,25.0,93,75,6.71,RU,2021-02-02 18:23:30
16,Tasiilaq,65.6145,-37.6368,19.4,86,90,5.75,GL,2021-02-02 18:23:30
17,Torbay,47.6666,-52.7314,28.99,74,90,3.44,CA,2021-02-02 18:23:30
18,Leshukonskoye,64.8989,45.7622,11.34,95,100,7.9,RU,2021-02-02 18:23:30
19,Bambous Virieux,-20.3428,57.7575,80.6,78,40,11.5,MU,2021-02-02 18:23:30
20,Carnarvon,-24.8667,113.6333,77.0,100,90,19.57,AU,2021-02-02 18:23:30
21,La Ronge,55.1001,-105.2842,17.6,93,90,9.22,CA,2021-02-02 18:23:30
22,Hilo,19.7297,-155.09,71.01,64,1,8.05,US,2021-02-02 18:22:58
23,Hasaki,35.7333,140.8333,33.8,64,20,4.61,JP,2021-02-02 18:23:31
24,Lukulu,-14.3707,23.242,69.57,85,100,2.75,ZM,2021-02-02 18:23:31
25,Tselinnoye,53.0833,85.6667,16.79,95,92,8.23,RU,2021-02-02 18:23:31
26,Rikitea,-23.1203,-134.9692,78.01,76,84,16.44,PF,2021-02-02 18:23:31
27,Punta Arenas,-53.15,-70.9167,66.2,55,40,23.02,CL,2021-02-02 18:22:07
28,Arraial Do Cabo,-22.9661,-42.0278,89.6,57,0,13.8,BR,2021-02-02 18:22:53
29,Port Elizabeth,-33.918,25.5701,69.8,83,0,13.8,ZA,2021-02-02 18:23:32
30,Albany,42.6001,-73.9662,30.0,88,100,12.73,US,2021-02-02 18:23:32
31,Aloleng,16.1307,119.7824,75.52,77,36,9.19,PH,2021-02-02 18:23:32
32,Balkanabat,39.5108,54.3671,52.7,44,6,16.8,TM,2021-02-02 18:23:32
33,Emmett,43.8735,-116.4993,50.0,42,88,5.99,US,2021-02-02 18:23:33
34,The Valley,18.217,-63.0578,84.2,69,20,16.11,AI,2021-02-02 18:23:33
35,Rawson,-43.3002,-65.1023,81.48,24,20,10.63,AR,2021-02-02 18:23:33
36,Saskylakh,71.9167,114.0833,-12.91,88,100,18.77,RU,2021-02-02 18:23:33
37,Hobart,-42.8794,147.3294,57.2,67,90,1.14,AU,2021-02-02 18:23:33
38,Ugoofaaru,5.6667,73.0,81.32,77,1,14.07,MV,2021-02-02 18:23:33
39,Saint-Augustin,51.226,-58.6502,22.55,89,38,6.82,CA,2021-02-02 18:23:33
40,Moindou,-21.6924,165.677,71.6,94,75,20.71,NC,2021-02-02 18:23:34
41,Safaga,26.7292,33.9365,73.4,68,0,3.44,EG,2021-02-02 18:23:34
42,Yellowknife,62.456,-114.3525,-11.99,70,90,12.66,CA,2021-02-02 18:23:34
43,Tuatapere,-46.1333,167.6833,55.56,89,68,4.25,NZ,2021-02-02 18:23:34
44,Cape Town,-33.9258,18.4232,72.0,68,0,14.97,ZA,2021-02-02 18:23:34
45,Port Alfred,-33.5906,26.891,69.01,88,0,5.01,ZA,2021-02-02 18:23:34
46,Varberg,57.1056,12.2508,26.01,93,2,5.01,SE,2021-02-02 18:18:37
47,Torbat-E Jam,35.244,60.6225,44.44,62,14,0.4,IR,2021-02-02 18:23:35
48,Katsuura,35.1333,140.3,41.0,48,0,8.05,JP,2021-02-02 18:23:35
49,Cherskiy,68.75,161.3,-1.48,87,25,3.98,RU,2021-02-02 18:23:35
50,Nuuk,64.1835,-51.7216,8.6,66,75,11.5,GL,2021-02-02 18:23:36
51,Puerto Ayora,-0.7393,-90.3518,84.2,70,0,18.41,EC,2021-02-02 18:23:36
52,Sitka,57.0531,-135.33,32.0,59,40,5.75,US,2021-02-02 18:23:36
53,Chilca,-12.5211,-76.7372,78.8,57,0,6.91,PE,2021-02-02 18:23:36
54,Ushuaia,-54.8,-68.3,55.4,71,75,16.11,AR,2021-02-02 18:23:36
55,East London,-33.0153,27.9116,69.8,78,0,16.11,ZA,2021-02-02 18:23:36
56,Mineral Wells,32.8085,-98.1128,61.0,31,1,16.11,US,2021-02-02 18:23:36
57,Richards Bay,-28.783,32.0377,70.52,74,100,2.68,ZA,2021-02-02 18:18:52
58,Chuy,-33.6971,-53.4616,86.67,50,17,0.63,UY,2021-02-02 18:23:37
59,Virginia Beach,36.8529,-75.978,37.4,70,90,13.8,US,2021-02-02 18:19:35
60,Luderitz,-26.6481,15.1594,66.69,80,0,13.8,NA,2021-02-02 18:23:37
61,Narsaq,60.9167,-46.05,24.8,68,75,10.36,GL,2021-02-02 18:23:37
62,Moranbah,-22.0016,148.0466,73.78,79,47,5.53,AU,2021-02-02 18:23:38
63,Mier,26.4333,-99.15,71.6,24,1,6.91,MX,2021-02-02 18:23:38
64,Marawi,7.9986,124.2928,73.0,94,92,4.0,PH,2021-02-02 18:23:38
65,Bethel,41.3712,-73.414,32.0,97,99,15.17,US,2021-02-02 18:23:38
66,Cayenne,4.9333,-52.3333,84.2,79,75,12.66,GF,2021-02-02 18:23:38
67,Flowing Wells,32.294,-111.0098,71.01,21,20,12.66,US,2021-02-02 18:21:33
68,Eureka,40.8021,-124.1637,51.01,88,100,1.01,US,2021-02-02 18:23:39
69,Tuktoyaktuk,69.4541,-133.0374,-31.0,75,20,5.75,CA,2021-02-02 18:23:39
70,Aklavik,68.2191,-135.0107,-25.6,68,40,3.44,CA,2021-02-02 18:23:39
71,Makakilo City,21.3469,-158.0858,68.0,94,75,3.44,US,2021-02-02 18:21:03
72,Vaini,-21.2,-175.2,77.0,100,90,13.8,TO,2021-02-02 18:23:39
73,Thompson,55.7435,-97.8558,15.8,92,90,3.44,CA,2021-02-02 18:22:48
74,Lasa,46.6166,10.7002,37.0,86,75,2.3,IT,2021-02-02 18:23:39
75,Avarua,-21.2078,-159.775,82.4,74,0,9.22,CK,2021-02-02 18:23:40
76,Victoria,22.2855,114.1577,64.0,81,19,1.01,HK,2021-02-02 18:23:13
77,Cidreira,-30.1811,-50.2056,82.33,69,3,9.33,BR,2021-02-02 18:23:40
78,Den Helder,52.9599,4.7593,36.0,93,90,10.36,NL,2021-02-02 18:23:40
79,Kapaa,22.0752,-159.319,66.2,100,40,8.05,US,2021-02-02 18:23:40
80,Nosy Varika,-20.5833,48.5333,79.27,77,5,4.9,MG,2021-02-02 18:23:40
81,Butaritari,3.0707,172.7902,81.59,82,72,18.59,KI,2021-02-02 18:23:40
82,Camacha,33.0833,-16.3333,62.6,72,75,3.44,PT,2021-02-02 18:23:41
83,Flic En Flac,-20.2742,57.3631,80.6,78,40,11.5,MU,2021-02-02 18:23:41
84,Ballina,-28.8667,153.5667,68.0,94,90,5.75,AU,2021-02-02 18:23:41
85,Mar Del Plata,-38.0023,-57.5575,64.4,88,90,9.22,AR,2021-02-02 18:23:41
86,Takoradi,4.8845,-1.7554,81.54,79,26,11.39,GH,2021-02-02 18:23:41
87,Nemuro,43.3236,145.575,16.27,85,6,24.92,JP,2021-02-02 18:23:41
88,Kieta,-6.2167,155.6333,80.26,81,97,11.23,PG,2021-02-02 18:23:41
89,Klaksvik,62.2266,-6.589,37.4,70,40,12.66,FO,2021-02-02 18:23:42
90,Namibe,-15.1961,12.1522,74.82,71,8,9.13,AO,2021-02-02 18:23:42
91,Roma,43.2128,-75.4557,28.99,74,90,11.5,US,2021-02-02 18:23:42
92,Lodja,-3.4833,23.4333,75.79,68,44,1.79,CD,2021-02-02 18:23:42
93,Vanimo,-2.6741,141.3028,78.39,86,100,11.07,PG,2021-02-02 18:23:42
94,Pacific Grove,36.6177,-121.9166,54.0,93,90,5.75,US,2021-02-02 18:23:42
95,Boende,-0.2167,20.8667,80.8,68,81,2.37,CD,2021-02-02 18:23:42
96,Honiara,-9.4333,159.95,78.01,82,92,4.59,SB,2021-02-02 18:23:43
97,Tiksi,71.6872,128.8694,-0.56,93,100,16.49,RU,2021-02-02 18:23:43
98,Laguna,38.421,-121.4238,53.01,87,90,6.91,US,2021-02-02 18:23:43
99,Samana,19.2056,-69.3369,86.0,74,20,6.91,DO,2021-02-02 18:23:43
100,Busselton,-33.65,115.3333,62.01,80,0,1.99,AU,2021-02-02 18:23:43
101,Khatanga,71.9667,102.5,-30.62,84,0,9.51,RU,2021-02-02 18:23:43
102,Vao,-22.6667,167.4833,76.28,89,100,42.59,NC,2021-02-02 18:23:43
103,Naryan-Mar,67.6713,53.087,6.55,94,100,16.13,RU,2021-02-02 18:23:43
104,Mahebourg,-20.4081,57.7,80.6,78,40,11.5,MU,2021-02-02 18:23:44
105,Barrow,71.2906,-156.7887,-27.4,75,1,10.36,US,2021-02-02 18:23:44
106,Ahuimanu,21.4447,-157.8378,73.4,78,90,3.44,US,2021-02-02 18:23:44
107,Oussouye,12.485,-16.5469,95.0,54,0,4.61,SN,2021-02-02 18:23:44
108,Hithadhoo,-0.6,73.0833,82.81,71,100,4.92,MV,2021-02-02 18:22:38
109,Sandanski,41.5667,23.2833,52.0,89,64,1.74,BG,2021-02-02 18:23:44
110,Upernavik,72.7868,-56.1549,-8.59,88,100,6.46,GL,2021-02-02 18:23:44
111,Agadez,19.75,10.25,67.41,24,0,7.76,NE,2021-02-02 18:20:30
112,Severo-Kurilsk,50.6789,156.125,27.57,94,25,18.34,RU,2021-02-02 18:23:45
113,Yarensk,62.1675,49.0916,18.79,97,100,8.21,RU,2021-02-02 18:23:45
114,Ribeira Grande,38.5167,-28.7,57.2,62,40,31.07,PT,2021-02-02 18:23:45
115,Warrington,53.3925,-2.5802,48.2,93,90,11.5,GB,2021-02-02 18:19:25
116,Saint George,37.1041,-113.5841,55.4,47,1,8.05,US,2021-02-02 18:21:33
117,Harper,4.375,-7.7169,80.89,84,65,6.29,LR,2021-02-02 18:23:45
118,Kodiak,57.79,-152.4072,26.6,86,90,5.75,US,2021-02-02 18:23:45
119,Avera,33.194,-82.5271,51.8,40,75,16.11,US,2021-02-02 18:23:46
120,Naze,28.3667,129.4833,52.07,77,29,18.48,JP,2021-02-02 18:23:46
121,Macusani,-14.0833,-70.4333,51.12,59,74,12.55,PE,2021-02-02 18:23:46
122,Zaysan,47.4667,84.8667,16.34,96,100,0.54,KZ,2021-02-02 18:23:46
123,Windhoek,-22.5594,17.0832,80.6,24,3,6.91,NA,2021-02-02 18:23:46
124,Agboville,5.928,-4.2132,84.0,66,33,6.42,CI,2021-02-02 18:23:46
125,Talnakh,69.4865,88.3972,-12.41,83,97,6.38,RU,2021-02-02 18:23:47
126,Khasan,42.4308,130.6434,5.29,83,0,17.47,RU,2021-02-02 18:23:47
127,Salalah,17.0151,54.0924,73.4,56,0,3.44,OM,2021-02-02 18:23:47
128,Teguldet,57.3064,88.1667,11.53,95,100,8.21,RU,2021-02-02 18:23:48
129,Moerai,-22.4333,-151.3333,80.33,65,14,2.95,PF,2021-02-02 18:23:48
130,Bathsheba,13.2167,-59.5167,84.2,54,40,18.41,BB,2021-02-02 18:23:49
131,Bollnas,61.3482,16.3946,10.99,76,93,1.01,SE,2021-02-02 18:23:49
132,New Norfolk,-42.7826,147.0587,55.99,70,91,1.21,AU,2021-02-02 18:23:50
133,Souillac,-20.5167,57.5167,80.6,78,40,11.5,MU,2021-02-02 18:23:50
134,Isangel,-19.55,169.2667,81.05,83,73,23.02,VU,2021-02-02 18:23:50
135,Kahului,20.8947,-156.47,69.8,78,1,5.75,US,2021-02-02 18:23:51
136,Cao Bang,22.6667,106.25,61.25,84,6,1.16,VN,2021-02-02 18:23:51
137,Flinders,-34.5833,150.8552,63.0,77,40,8.05,AU,2021-02-02 18:23:51
138,Cassilandia,-19.1133,-51.7342,88.3,52,83,3.62,BR,2021-02-02 18:21:24
139,Salinopolis,-0.6136,-47.3561,84.43,68,75,12.84,BR,2021-02-02 18:23:51
140,Tifton,31.4505,-83.5085,50.0,49,1,14.97,US,2021-02-02 18:22:59
141,Rabat,33.9911,-6.8401,61.0,88,60,4.61,MA,2021-02-02 18:21:39
142,Taoudenni,22.6783,-3.9836,80.2,16,16,10.49,ML,2021-02-02 18:23:52
143,Jamestown,42.097,-79.2353,21.99,93,90,17.27,US,2021-02-02 18:23:52
144,Jizan,17.3333,42.6667,78.8,73,0,4.61,SA,2021-02-02 18:23:52
145,Chambishi,-12.6325,28.0537,65.01,96,100,4.45,ZM,2021-02-02 18:19:09
146,Nanortalik,60.1432,-45.2371,18.32,87,0,14.9,GL,2021-02-02 18:23:53
147,Neuquen,-38.9516,-68.0591,84.2,23,0,3.44,AR,2021-02-02 18:20:27
148,Dikson,73.5069,80.5464,-21.35,82,38,13.33,RU,2021-02-02 18:23:53
149,Esperance,-33.8667,121.9,69.8,46,75,14.97,AU,2021-02-02 18:23:53
150,Castro,-24.7911,-50.0119,78.15,75,8,3.29,BR,2021-02-02 18:23:53
151,Saldanha,-33.0117,17.9442,73.4,53,1,13.8,ZA,2021-02-02 18:20:25
152,Semnan,35.5729,53.3971,44.55,54,0,1.21,IR,2021-02-02 18:23:54
153,Aswan,24.0934,32.907,66.15,26,0,2.55,EG,2021-02-02 18:23:54
154,Solnechnyy,50.7214,136.6319,-22.47,85,100,1.9,RU,2021-02-02 18:23:55
155,Hearst,49.6835,-83.6665,10.4,61,58,4.61,CA,2021-02-02 18:23:55
156,Bluff,-46.6,168.3333,57.0,91,75,8.1,NZ,2021-02-02 18:23:55
157,Kulmbach,50.1,11.45,46.0,95,100,9.1,DE,2021-02-02 18:23:55
158,Byron Bay,-28.65,153.6167,68.0,94,90,5.75,AU,2021-02-02 18:23:56
159,Qaanaaq,77.484,-69.3632,-5.39,84,100,4.23,GL,2021-02-02 18:23:56
160,Longyearbyen,78.2186,15.6401,19.4,86,75,6.91,SJ,2021-02-02 18:23:57
161,Inhambane,-23.865,35.3833,80.6,94,75,3.44,MZ,2021-02-02 18:23:57
162,Chokurdakh,70.6333,147.9167,-1.23,91,84,12.3,RU,2021-02-02 18:23:58
163,Lufilufi,-13.8745,-171.5986,82.4,83,75,13.8,WS,2021-02-02 18:23:58
164,Lebu,-37.6167,-73.65,63.64,64,45,16.55,CL,2021-02-02 18:23:58
165,Palmer,42.1584,-72.3287,34.0,75,90,12.66,US,2021-02-02 18:23:58
166,Broken Hill,-31.95,141.4333,59.0,44,0,5.75,AU,2021-02-02 18:23:59
167,Viedma,-40.8135,-62.9967,87.01,21,71,11.59,AR,2021-02-02 18:23:59
168,Hami,42.8,93.45,26.19,79,82,4.05,CN,2021-02-02 18:23:59
169,Grand-Santi,4.25,-54.3833,80.73,89,74,3.62,GF,2021-02-02 18:23:59
170,Baripada,21.935,86.7214,59.59,33,0,4.74,IN,2021-02-02 18:23:59
171,Chimore,-16.9833,-65.1333,81.63,92,93,3.6,BO,2021-02-02 18:23:59
172,Hermanus,-34.4187,19.2345,71.01,74,0,1.99,ZA,2021-02-02 18:24:00
173,Kavieng,-2.5744,150.7967,78.33,89,100,18.34,PG,2021-02-02 18:24:00
174,Pavino,59.1139,46.1414,19.47,97,100,9.24,RU,2021-02-02 18:24:00
175,Lagoa,39.05,-27.9833,55.22,65,21,33.51,PT,2021-02-02 18:24:00
176,Weymouth,42.2209,-70.9398,33.8,93,100,17.27,US,2021-02-02 18:24:00
177,Georgetown,5.4112,100.3354,82.0,89,20,5.75,MY,2021-02-02 18:20:56
178,Bubaque,11.2833,-15.8333,78.15,73,27,14.0,GW,2021-02-02 18:24:01
179,Aksehir,38.3575,31.4164,46.45,62,100,4.32,TR,2021-02-02 18:24:01
180,Mineiros,-17.5694,-52.5511,85.87,54,87,3.49,BR,2021-02-02 18:24:01
181,Mosetse,-20.75,26.65,69.44,81,100,17.76,BW,2021-02-02 18:24:01
182,Jiexiu,37.0244,111.9125,33.94,64,11,7.83,CN,2021-02-02 18:21:03
183,Port Hedland,-20.3167,118.5667,82.4,83,90,11.5,AU,2021-02-02 18:24:01
184,Sri Aman,1.2376,111.4621,75.2,100,94,1.97,MY,2021-02-02 18:24:02
185,Puerto Narino,-3.7703,-70.3831,82.4,83,75,2.3,CO,2021-02-02 18:24:02
186,Saint-Philippe,-21.3585,55.7679,82.4,74,20,3.44,RE,2021-02-02 18:24:02
187,Lavrentiya,65.5833,-171.0,5.36,91,100,22.12,RU,2021-02-02 18:24:02
188,Codrington,-38.2667,141.9667,57.83,79,76,6.76,AU,2021-02-02 18:24:03
189,Kyzyl-Suu,42.3414,78.0056,27.05,84,65,7.85,KG,2021-02-02 18:24:03
190,Husavik,66.0449,-17.3389,10.4,72,0,8.05,IS,2021-02-02 18:24:03
191,Cockburn Town,21.4612,-71.1419,78.8,73,40,9.22,TC,2021-02-02 18:24:03
192,Vista Hermosa,19.5167,-99.2167,62.6,36,1,3.44,MX,2021-02-02 18:24:03
193,Norman Wells,65.282,-126.8329,-18.4,69,90,13.8,CA,2021-02-02 18:24:03
194,Yar-Sale,66.8333,70.8333,2.8,94,99,8.08,RU,2021-02-02 18:24:04
195,Chateau-Thierry,49.05,3.4,53.01,88,98,4.0,FR,2021-02-02 18:24:04
196,Faanui,-16.4833,-151.75,81.0,74,5,14.34,PF,2021-02-02 18:24:04
197,San Cristobal,7.7669,-72.225,95.0,24,20,18.41,VE,2021-02-02 18:23:09
198,Havelian,34.0536,73.1657,55.0,61,100,13.67,PK,2021-02-02 18:24:04
199,Ponta Delgada,37.7333,-25.6667,57.2,62,40,24.16,PT,2021-02-02 18:24:04
200,Paamiut,61.994,-49.6678,7.74,85,0,18.68,GL,2021-02-02 18:24:04
201,Savannah Bight,16.45,-85.85,75.99,78,75,13.8,HN,2021-02-02 18:24:05
202,Srednekolymsk,67.45,153.6833,-27.99,81,53,2.77,RU,2021-02-02 18:24:05
203,Omboue,-1.5746,9.2618,79.41,85,61,5.73,GA,2021-02-02 18:24:05
204,Hualmay,-11.0964,-77.6139,75.72,63,64,9.89,PE,2021-02-02 18:24:05
205,Herat,34.5,62.0,44.6,53,0,2.3,AF,2021-02-02 18:24:05
206,Drawsko Pomorskie,53.5306,15.8097,28.0,91,100,0.54,PL,2021-02-02 18:24:05
207,Port Lincoln,-34.7333,135.8667,60.1,83,1,15.43,AU,2021-02-02 18:24:06
208,Inirida,3.8653,-67.9239,90.39,53,97,3.78,CO,2021-02-02 18:24:06
209,Evensk,61.95,159.2333,1.29,93,100,4.88,RU,2021-02-02 18:24:06
210,Pandan,14.0453,124.1694,77.63,84,83,16.78,PH,2021-02-02 18:24:07
211,Ratnagiri,16.9833,73.3,76.6,60,0,8.81,IN,2021-02-02 18:24:07
212,Port Macquarie,-31.4333,152.9167,64.99,90,11,1.01,AU,2021-02-02 18:23:50
213,Lazaro Cardenas,17.9583,-102.2,84.88,50,0,7.09,MX,2021-02-02 18:24:07
214,Svetlogorsk,52.6333,29.7333,17.47,96,63,8.21,BY,2021-02-02 18:24:07
215,Vila Franca Do Campo,37.7167,-25.4333,57.2,62,40,24.16,PT,2021-02-02 18:24:07
216,Provideniya,64.3833,-173.3,6.4,92,100,15.52,RU,2021-02-02 18:24:07
217,Kupang,-10.1667,123.5833,79.07,84,100,5.77,ID,2021-02-02 18:24:02
218,Del Rio,29.3627,-100.8968,64.4,25,1,14.97,US,2021-02-02 18:24:08
219,Buluang,13.3068,123.3425,74.12,86,82,7.05,PH,2021-02-02 18:24:08
220,Ponta Do Sol,32.6667,-17.1,62.01,65,78,1.01,PT,2021-02-02 18:24:08
221,Havelock,34.8791,-76.9013,43.0,56,90,18.41,US,2021-02-02 18:24:08
222,Kamaishi,39.2667,141.8833,22.42,83,2,4.32,JP,2021-02-02 18:24:08
223,Saint-Pierre,-21.3393,55.4781,82.4,74,20,3.44,RE,2021-02-02 18:24:09
224,Manavalakurichi,8.1333,77.3,84.2,74,20,12.71,IN,2021-02-02 18:24:09
225,Talavera De La Reina,39.9635,-4.8308,55.0,75,84,5.99,ES,2021-02-02 18:23:25
226,Dolinsk,47.35,142.8,-2.2,84,90,4.47,RU,2021-02-02 18:24:09
227,Artyom,40.4723,50.333,48.2,93,75,11.5,AZ,2021-02-02 18:24:09
228,Northam,51.0333,-4.2167,50.0,91,68,5.99,GB,2021-02-02 18:24:09
229,Le Port,-20.9373,55.2919,78.8,73,90,17.27,RE,2021-02-02 18:24:10
230,Montepuez,-13.1256,38.9997,73.26,88,49,2.3,MZ,2021-02-02 18:24:10
231,Kawhia,-38.0651,174.8183,57.0,94,2,1.01,NZ,2021-02-02 18:24:10
232,Santa Maria,-29.6842,-53.8069,82.4,69,75,10.36,BR,2021-02-02 18:24:10
233,Kirakira,-10.4544,161.9205,78.78,84,99,7.02,SB,2021-02-02 18:24:10
234,Alofi,-19.0595,-169.9187,77.0,100,100,4.61,NU,2021-02-02 18:24:10
235,Shimoda,34.6667,138.95,35.01,60,0,1.01,JP,2021-02-02 18:24:10
236,Kailua,21.4022,-157.7394,73.4,78,90,3.44,US,2021-02-02 18:24:11
237,Franklin,39.9667,-83.0166,28.0,74,90,13.8,US,2021-02-02 18:22:55
238,Ewa Beach,21.3156,-158.0072,68.0,94,75,3.44,US,2021-02-02 18:24:11
239,Taraz,42.9,71.3667,39.2,87,90,4.47,KZ,2021-02-02 18:24:11
240,Fortuna,40.5982,-124.1573,51.01,93,90,1.48,US,2021-02-02 18:24:11
241,Cabinda,-5.55,12.2,79.72,82,96,8.14,AO,2021-02-02 18:24:12
242,Wichita,37.6922,-97.3375,52.0,53,1,17.27,US,2021-02-02 18:20:05
243,Mount Isa,-20.7333,139.5,78.8,78,90,4.61,AU,2021-02-02 18:24:12
244,Valdivia,-39.8142,-73.2459,78.8,50,0,6.91,CL,2021-02-02 18:23:54
245,Wadi Musa,30.3222,35.4793,56.7,45,0,1.79,JO,2021-02-02 18:24:12
246,Manta,-0.95,-80.7333,80.6,78,75,3.44,EC,2021-02-02 18:21:20
247,Pitkyaranta,61.5734,31.4792,13.53,96,40,5.99,RU,2021-02-02 18:24:13
248,Severnyy-Kospashskiy,59.0925,57.8008,8.24,97,100,2.53,RU,2021-02-02 18:24:13
249,Imbituba,-28.24,-48.6703,82.4,78,75,10.36,BR,2021-02-02 18:21:09
250,Yenagoa,4.9247,6.2642,82.13,74,70,6.17,NG,2021-02-02 18:24:13
251,Immokalee,26.4187,-81.4173,62.6,34,1,17.27,US,2021-02-02 18:24:13
252,Sao Filipe,14.8961,-24.4956,75.27,67,4,8.32,CV,2021-02-02 18:24:13
253,Lompoc,34.6391,-120.4579,57.0,76,1,3.89,US,2021-02-02 18:24:14
254,Kaitangata,-46.2817,169.8464,55.06,88,43,4.14,NZ,2021-02-02 18:24:14
255,San Jose,37.3394,-121.895,55.99,87,90,4.61,US,2021-02-02 18:23:37
256,Batemans Bay,-35.7167,150.1833,62.01,69,55,4.0,AU,2021-02-02 18:24:14
257,Bogdand,47.4167,22.9333,37.4,100,75,1.14,RO,2021-02-02 18:24:14
258,Harpalpur,25.2884,79.3347,59.4,36,17,4.9,IN,2021-02-02 18:24:15
259,Dryden,49.7833,-92.7503,19.4,86,90,13.8,CA,2021-02-02 18:24:15
260,Nexo,55.0607,15.1306,28.4,100,40,2.3,DK,2021-02-02 18:24:15
261,Keuruu,62.2667,24.7,7.0,85,11,4.61,FI,2021-02-02 18:24:15
262,Nishihara,26.1842,127.7558,60.8,54,40,8.05,JP,2021-02-02 18:24:15
263,Samarai,-10.6167,150.6667,81.59,77,98,10.4,PG,2021-02-02 18:24:16
264,Inuvik,68.3499,-133.7218,-29.2,68,100,3.44,CA,2021-02-02 18:24:16
265,Pitimbu,-7.4706,-34.8086,86.0,66,75,14.97,BR,2021-02-02 18:24:17
266,Calvinia,-31.4707,19.776,81.25,23,0,12.39,ZA,2021-02-02 18:24:17
267,Sola,-13.8833,167.55,78.8,100,90,9.22,VU,2021-02-02 18:24:17
268,Riyadh,24.6877,46.7219,66.2,32,0,4.61,SA,2021-02-02 18:24:17
269,Maceio,-9.6658,-35.7353,86.0,62,40,9.22,BR,2021-02-02 18:24:18
270,Victor Harbor,-35.5667,138.6167,59.0,92,4,10.94,AU,2021-02-02 18:19:29
271,Portland,45.5234,-122.6762,48.2,71,75,16.11,US,2021-02-02 18:22:48
272,Santiago De Compostela,42.8805,-8.5457,55.99,94,75,16.11,ES,2021-02-02 18:24:18
273,Raudeberg,61.9875,5.1352,26.01,86,0,8.05,NO,2021-02-02 18:24:18
274,Vila Velha,-20.3297,-40.2925,84.2,65,20,19.57,BR,2021-02-02 18:23:24
275,Anadyr,64.75,177.4833,14.0,79,75,6.71,RU,2021-02-02 18:24:18
276,Arlit,18.7369,7.3853,75.51,14,0,9.89,NE,2021-02-02 18:24:19
277,Lancaster,40.2504,-76.2499,36.0,64,90,13.8,US,2021-02-02 18:24:19
278,Florida,28.7505,-82.5001,53.01,57,1,10.36,US,2021-02-02 18:24:19
279,Thanh Hoa,19.8,105.7667,64.0,95,1,0.58,VN,2021-02-02 18:23:19
280,Custodia,-8.0875,-37.6431,95.13,20,98,10.27,BR,2021-02-02 18:24:19
281,Ikalamavony,-21.15,46.5833,73.71,82,75,7.78,MG,2021-02-02 18:24:19
282,Birao,10.2849,22.7882,84.97,17,0,5.21,CF,2021-02-02 18:24:20
283,Adrar,20.5022,-10.0711,80.51,16,67,7.92,MR,2021-02-02 18:24:20
284,Groningen,53.25,6.75,34.0,93,90,10.36,NL,2021-02-02 18:22:59
285,San Patricio,28.017,-97.5169,68.0,37,20,8.05,US,2021-02-02 18:24:20
286,Axim,4.8699,-2.2405,81.23,78,26,8.86,GH,2021-02-02 18:24:20
287,Ossora,59.2353,163.0719,1.71,91,100,2.33,RU,2021-02-02 18:24:20
288,Okha,53.5739,142.9478,-24.18,83,100,16.84,RU,2021-02-02 18:24:21
289,Bridlington,54.0831,-0.1919,39.0,89,100,13.0,GB,2021-02-02 18:24:21
290,Quchan,37.106,58.5095,36.05,78,0,2.26,IR,2021-02-02 18:24:21
291,Nicoya,10.1483,-85.452,89.6,43,0,23.02,CR,2021-02-02 18:24:21
292,Awjilah,29.1081,21.2869,62.51,38,71,7.09,LY,2021-02-02 18:24:21
293,Corn Island,12.1694,-83.0418,79.88,77,13,24.81,NI,2021-02-02 18:24:22
294,Gorontalo,0.5412,123.0595,74.55,88,100,3.96,ID,2021-02-02 18:24:22
295,Birjand,32.8663,59.2211,37.4,32,0,4.61,IR,2021-02-02 18:24:22
296,Gorgan,36.8387,54.4348,50.0,76,0,11.5,IR,2021-02-02 18:24:22
297,Kumluca,36.3703,30.2869,60.01,57,100,6.04,TR,2021-02-02 18:24:22
298,Chak Azam Sahu,30.75,73.0333,57.4,36,1,3.94,PK,2021-02-02 18:22:19
299,Ancud,-41.8697,-73.8203,69.8,56,0,8.05,CL,2021-02-02 18:24:22
300,Palauig,15.435,119.9045,75.58,74,24,3.58,PH,2021-02-02 18:24:22
301,Diapaga,12.0708,1.7889,85.48,12,0,6.11,BF,2021-02-02 18:24:23
302,Pevek,69.7008,170.3133,9.63,94,100,7.61,RU,2021-02-02 18:24:23
303,Magnolia,33.2671,-93.2393,48.99,57,1,4.61,US,2021-02-02 18:24:23
304,Tornio,65.8481,24.1466,-14.8,84,0,4.61,FI,2021-02-02 18:24:13
305,Tuburan,6.6439,122.2736,78.8,89,75,2.3,PH,2021-02-02 18:24:23
306,Mutsu,41.2894,141.2169,19.4,79,75,4.61,JP,2021-02-02 18:24:23
307,Santiago De Cao,-7.9589,-79.2392,71.6,78,0,11.5,PE,2021-02-02 18:24:23
308,Sambava,-14.2667,50.1667,81.01,77,77,14.99,MG,2021-02-02 18:24:24
309,Coahuayana,18.7333,-103.6833,80.6,54,40,6.42,MX,2021-02-02 18:24:24
310,Port Keats,-14.25,129.55,81.82,83,84,8.19,AU,2021-02-02 18:24:24
311,Portree,57.4129,-6.1942,37.0,76,67,11.01,GB,2021-02-02 18:24:24
312,Hamilton,39.1834,-84.5333,32.0,59,1,9.22,US,2021-02-02 18:22:19
313,Kutum,14.2,24.6667,74.14,20,18,7.45,SD,2021-02-02 18:24:24
314,Hambantota,6.1241,81.1185,77.0,100,0,6.91,LK,2021-02-02 18:24:25
315,Keffi,8.8486,7.8736,89.6,40,0,2.3,NG,2021-02-02 18:24:25
316,Clyde River,70.4692,-68.5914,-25.6,68,40,6.91,CA,2021-02-02 18:24:25
317,Aleksandrov Gay,50.147,48.5704,35.44,92,100,10.45,RU,2021-02-02 18:24:25
318,Pilar,-9.5972,-35.9567,86.0,62,40,9.22,BR,2021-02-02 18:24:25
319,Te Anau,-45.4167,167.7167,53.56,90,71,0.69,NZ,2021-02-02 18:24:25
320,Plettenberg Bay,-34.0527,23.3716,69.15,80,0,3.33,ZA,2021-02-02 18:23:23
321,Voi,-3.3945,38.563,75.92,66,95,6.35,KE,2021-02-02 18:24:26
322,Morwell,-38.2333,146.4,46.99,92,75,0.34,AU,2021-02-02 18:24:26
323,Requena,39.4883,-1.1004,66.2,52,0,12.66,ES,2021-02-02 18:24:26
324,Praia Da Vitoria,38.7333,-27.0667,55.4,71,40,30.49,PT,2021-02-02 18:24:26
325,Teguise,29.0605,-13.564,64.4,88,20,10.36,ES,2021-02-02 18:24:26
326,Altukhovo,52.67,34.36,15.28,94,95,7.09,RU,2021-02-02 18:24:26
327,Aviemore,57.1955,-3.8259,36.0,75,20,14.97,GB,2021-02-02 18:24:26
328,Port Shepstone,-30.7414,30.455,71.69,76,100,24.67,ZA,2021-02-02 18:24:27
329,Arona,28.0996,-16.681,69.01,77,20,9.22,ES,2021-02-02 18:24:27
330,Airai,-8.9266,125.4092,60.73,100,97,2.42,TL,2021-02-02 18:24:27
331,Guerrero Negro,27.9769,-114.0611,71.13,34,96,4.74,MX,2021-02-02 18:24:27
332,Hecun,36.5333,114.1111,35.06,58,0,5.12,CN,2021-02-02 18:24:27
333,Sergeyevka,53.88,67.4158,27.1,98,100,20.2,KZ,2021-02-02 18:24:27
334,Stokmarknes,68.5646,14.9108,28.4,54,0,9.22,NO,2021-02-02 18:24:28
335,Banjarmasin,-3.3244,114.591,75.2,100,90,2.3,ID,2021-02-02 18:24:28
336,Madang,-5.2246,145.7966,76.3,89,100,7.99,PG,2021-02-02 18:24:28
337,Bronnoysund,65.4625,12.1997,24.8,58,0,12.66,NO,2021-02-02 18:24:28
338,Saint-Georges,12.0564,-61.7485,82.4,65,40,23.02,GD,2021-02-02 18:24:06
339,Gigmoto,13.7796,124.39,77.2,84,88,14.81,PH,2021-02-02 18:24:28
340,Tomatlan,19.9333,-105.25,88.09,46,77,7.07,MX,2021-02-02 18:24:28
341,Shaoguan,24.8,113.5833,61.81,65,70,2.01,CN,2021-02-02 18:24:29
342,Necochea,-38.5473,-58.7368,73.0,56,23,5.01,AR,2021-02-02 18:24:29
343,Ust-Barguzin,53.45,108.9833,-16.11,85,76,1.7,RU,2021-02-02 18:24:29
344,Port-Gentil,-0.7193,8.7815,82.4,89,40,6.91,GA,2021-02-02 18:24:29
345,Atbasar,51.8,68.3333,18.41,96,100,13.4,KZ,2021-02-02 18:24:29
346,Kloulklubed,7.0419,134.2556,77.0,83,75,3.44,PW,2021-02-02 18:24:29
347,Port Hardy,50.6996,-127.4199,41.0,100,75,3.44,CA,2021-02-02 18:24:29
348,Kulhudhuffushi,6.6221,73.07,82.26,72,0,7.52,MV,2021-02-02 18:24:29
349,Chipinge,-20.1883,32.6236,66.09,100,100,4.27,ZW,2021-02-02 18:24:30
350,Helong,42.5397,128.9972,-4.14,80,31,7.58,CN,2021-02-02 18:24:30
351,Rafaela,-31.2503,-61.4867,69.01,93,90,5.01,AR,2021-02-02 18:24:30
352,Tayu,-6.5397,111.0518,78.53,84,100,8.32,ID,2021-02-02 18:24:30
353,Bereda,43.2686,-7.5406,54.0,100,100,13.0,ES,2021-02-02 18:24:30
354,Mogok,22.9167,96.5,53.62,52,0,1.79,MM,2021-02-02 18:24:30
355,Kurilsk,45.2333,147.8833,18.81,85,91,25.48,RU,2021-02-02 18:24:30
356,Ilulissat,69.2167,-51.1,-2.2,78,75,18.41,GL,2021-02-02 18:24:31
357,Polkowice,51.5039,16.0726,36.0,88,100,5.3,PL,2021-02-02 18:24:31
358,Kaabong,3.4836,34.1492,73.47,35,79,11.86,UG,2021-02-02 18:24:31
359,Mecca,21.4267,39.8261,76.33,70,0,6.44,SA,2021-02-02 18:21:45
360,Bulungu,-4.55,18.6,73.63,90,91,2.84,CD,2021-02-02 18:23:20
361,Impfondo,1.6381,18.0667,82.26,53,55,1.57,CG,2021-02-02 18:24:31
362,Liverpool,53.4106,-2.9779,48.2,93,90,11.5,GB,2021-02-02 18:24:31
363,Farkhor,37.4922,69.4036,48.2,76,75,6.71,TJ,2021-02-02 18:24:31
364,Leningradskiy,69.3833,178.4167,-0.62,88,100,24.76,RU,2021-02-02 18:24:32
365,Cabo San Lucas,22.8909,-109.9124,80.01,60,40,10.36,MX,2021-02-02 18:20:01
366,Moyo,3.6609,31.7247,84.11,19,100,6.42,UG,2021-02-02 18:24:32
367,Charlottesville,38.0293,-78.4767,42.01,52,90,12.66,US,2021-02-02 18:20:13
368,Geraldton,-28.7667,114.6,73.4,83,90,9.22,AU,2021-02-02 18:24:32
369,George,-33.963,22.4617,68.0,60,0,5.75,ZA,2021-02-02 18:24:32
370,Taylor,32.3001,-99.8337,64.0,25,1,20.71,US,2021-02-02 18:24:33
371,Ahipara,-35.1667,173.1667,58.42,89,7,2.59,NZ,2021-02-02 18:24:33
372,Atar,20.5169,-13.0499,86.38,11,0,11.18,MR,2021-02-02 18:24:33
373,Senneterre,48.3835,-77.2328,19.4,79,40,9.22,CA,2021-02-02 18:24:33
374,Arroio Dos Ratos,-30.0772,-51.7292,93.2,51,75,6.91,BR,2021-02-02 18:20:46
375,Killybegs,54.6333,-8.45,44.01,93,40,12.66,IE,2021-02-02 18:24:33
376,Yaan,7.3833,8.5667,90.59,12,0,5.23,NG,2021-02-02 18:24:33
377,Constitucion,-35.3333,-72.4167,67.37,64,7,5.84,CL,2021-02-02 18:24:33
378,Krasnogvardeyskoye,45.8456,41.5186,48.43,60,0,6.11,RU,2021-02-02 18:24:34
379,Upington,-28.4478,21.2561,78.8,47,40,9.22,ZA,2021-02-02 18:24:34
380,Maymyo,22.0333,96.4667,54.59,41,0,2.48,MM,2021-02-02 18:24:34
381,Meulaboh,4.1363,96.1285,78.22,82,87,2.59,ID,2021-02-02 18:24:34
382,Dingle,10.9995,122.6711,74.25,92,95,8.57,PH,2021-02-02 18:24:34
383,Muzaffarabad,34.37,73.4711,51.96,45,100,5.41,PK,2021-02-02 18:24:34
384,Ozark,37.0209,-93.206,37.0,80,20,3.44,US,2021-02-02 18:24:34
385,Henties Bay,-22.116,14.2845,66.99,87,13,11.48,NA,2021-02-02 18:24:35
386,Tahe,52.3333,124.7333,-19.55,78,76,8.84,CN,2021-02-02 18:24:35
387,Tenango,18.65,-98.1833,64.4,29,1,8.05,MX,2021-02-02 18:24:35
388,Marco,25.9726,-81.729,59.0,51,40,24.16,US,2021-02-02 18:24:35
389,Casino,-28.8667,153.05,68.0,94,54,4.25,AU,2021-02-02 18:24:35
390,Chengde,40.9725,117.9361,10.44,75,0,3.2,CN,2021-02-02 18:24:35
391,Sovetskoye,52.2861,85.4131,14.49,90,81,3.74,RU,2021-02-02 18:24:36
392,Sinnamary,5.3833,-52.95,79.61,84,80,15.73,GF,2021-02-02 18:24:36
393,Iracoubo,5.4802,-53.2011,79.99,82,82,16.04,GF,2021-02-02 18:24:36
394,Warwick,41.7001,-71.4162,35.6,100,90,19.57,US,2021-02-02 18:24:36
395,Beloha,-25.1667,45.05,78.62,86,2,11.32,MG,2021-02-02 18:24:36
396,Conceicao Do Araguaia,-8.2578,-49.2647,88.16,59,64,5.35,BR,2021-02-02 18:24:36
397,Bowen,-20.0167,148.2333,75.2,88,40,5.84,AU,2021-02-02 18:24:36
398,Bengkulu,-3.8004,102.2655,76.28,88,99,4.92,ID,2021-02-02 18:24:37
399,Paka,4.6374,103.4368,75.2,94,65,3.44,MY,2021-02-02 18:24:37
400,Farah,32.5,62.5,45.57,55,0,4.09,AF,2021-02-02 18:24:37
401,Quatre Cocos,-20.2078,57.7625,80.6,78,40,11.5,MU,2021-02-02 18:24:37
402,Caiaponia,-16.9567,-51.8103,85.12,59,76,0.78,BR,2021-02-02 18:24:37
403,Srivardhan,18.0333,73.0167,75.97,56,0,5.77,IN,2021-02-02 18:24:37
404,Maniitsoq,65.4167,-52.9,-0.92,80,0,6.44,GL,2021-02-02 18:24:37
405,Los Chiles,11.0333,-84.7167,85.77,57,23,9.06,CR,2021-02-02 18:24:38
406,Bodden Town,19.2833,-81.25,78.8,50,75,10.36,KY,2021-02-02 18:24:38
407,Honghu,29.8206,113.4621,51.53,76,81,6.08,CN,2021-02-02 18:24:38
408,Vavoua,7.3819,-6.4778,91.22,32,29,3.2,CI,2021-02-02 18:24:38
409,Mnogovershinnyy,53.9353,139.9242,-36.02,83,98,5.1,RU,2021-02-02 18:24:38
410,Khandyga,62.6667,135.6,-46.93,77,100,2.17,RU,2021-02-02 18:24:38
411,Sirjan,29.452,55.6814,47.17,44,0,4.27,IR,2021-02-02 18:24:38
412,Half Moon Bay,37.4636,-122.4286,55.99,94,90,5.75,US,2021-02-02 18:24:39
413,Pemangkat,1.1667,108.9667,77.2,88,93,12.97,ID,2021-02-02 18:24:39
414,Astakos,38.5356,21.0814,55.4,94,75,4.61,GR,2021-02-02 18:24:39
415,Leh,34.1667,77.5833,8.42,63,92,0.18,IN,2021-02-02 18:24:39
416,Atambua,-9.1061,124.8925,75.15,87,100,0.69,ID,2021-02-02 18:24:39
417,Amos,48.5669,-78.1162,21.2,79,40,9.22,CA,2021-02-02 18:20:44
418,Muros,42.7762,-9.0603,57.99,92,100,7.0,ES,2021-02-02 18:22:05
419,Smithers,54.7804,-127.1743,24.8,93,75,2.3,CA,2021-02-02 18:24:40
420,Qaqortoq,60.7167,-46.0333,24.8,68,75,10.36,GL,2021-02-02 18:24:40
421,Salzgitter,52.1526,10.3314,36.0,82,100,4.38,DE,2021-02-02 18:21:27
422,Akdepe,42.0551,59.3788,35.6,69,0,6.91,TM,2021-02-02 18:24:40
423,Fairbanks,64.8378,-147.7164,-16.6,63,1,4.61,US,2021-02-02 18:20:18
424,Port Pirie,-33.1833,138.0167,64.4,63,0,6.91,AU,2021-02-02 18:24:40
425,Dire Dawa,9.5931,41.8661,64.76,33,50,2.44,ET,2021-02-02 18:24:40
426,Labuhan,-6.8844,112.2051,78.69,85,100,11.81,ID,2021-02-02 18:24:40
427,El Triunfo,-1.9333,-79.9667,82.99,69,40,9.22,EC,2021-02-02 18:24:41
428,Scarborough,54.2797,-0.4044,39.0,95,100,8.99,GB,2021-02-02 18:24:41
429,Dunda,-8.1167,34.25,67.21,87,43,1.36,TZ,2021-02-02 18:24:41
430,Kruisfontein,-34.0033,24.7314,73.0,72,0,7.99,ZA,2021-02-02 18:24:41
431,Hurghada,27.2574,33.8129,73.4,68,0,3.44,EG,2021-02-02 18:24:41
432,Vryburg,-26.9566,24.7284,58.69,92,100,13.98,ZA,2021-02-02 18:24:42
433,Nara,34.6851,135.8049,39.0,43,32,3.0,JP,2021-02-02 18:24:42
434,Sabang,5.8933,95.3214,81.64,79,100,18.14,ID,2021-02-02 18:24:42
435,Conde,-7.2597,-34.9075,86.0,66,75,14.97,BR,2021-02-02 18:24:42
436,Kandrian,-6.2167,149.55,80.33,79,100,13.69,PG,2021-02-02 18:24:42
437,Presidente Olegario,-18.4178,-46.4181,80.26,63,100,3.4,BR,2021-02-02 18:24:43
438,Boa Vista,2.8197,-60.6733,87.8,51,75,14.97,BR,2021-02-02 18:24:43
439,Bushehr,28.9684,50.8385,62.6,72,0,8.12,IR,2021-02-02 18:24:43
440,Rock Springs,41.5875,-109.2029,26.6,63,1,3.44,US,2021-02-02 18:23:21
441,Alyangula,-13.8483,136.4192,82.4,89,86,2.3,AU,2021-02-02 18:24:43
442,Bonavista,48.6499,-53.1147,28.99,74,83,1.14,CA,2021-02-02 18:24:43
443,Verkhnetulomskiy,68.6073,31.7962,-9.4,77,40,2.24,RU,2021-02-02 18:24:44
444,Mountain Home,43.133,-115.6912,42.8,56,90,19.57,US,2021-02-02 18:21:00
445,San-Pedro,4.7485,-6.6363,80.82,83,65,5.73,CI,2021-02-02 18:24:44
446,Dubrovnik,42.6481,18.0922,51.8,87,75,2.3,HR,2021-02-02 18:24:44
447,Finschhafen,-6.6024,147.8681,80.19,79,100,1.54,PG,2021-02-02 18:24:44
448,Morondava,-20.2833,44.2833,85.66,77,23,15.88,MG,2021-02-02 18:24:44
449,Termoli,41.9888,14.9895,46.99,97,2,1.01,IT,2021-02-02 18:24:44
450,Cobija,-11.0267,-68.7692,82.4,83,75,8.05,BO,2021-02-02 18:24:45
451,Noyabrsk,63.1994,75.4507,7.02,95,99,13.42,RU,2021-02-02 18:24:45
452,Stephenville,32.2207,-98.2023,60.8,27,1,10.36,US,2021-02-02 18:24:45
453,Kysyl-Syr,63.8986,122.7617,-39.46,79,100,9.42,RU,2021-02-02 18:24:45
454,Vaitape,-16.5167,-151.75,81.03,74,4,14.34,PF,2021-02-02 18:24:45
455,Riberalta,-10.9833,-66.1,87.8,66,75,11.5,BO,2021-02-02 18:24:45
456,Aldan,58.6031,125.3894,-33.81,82,100,6.26,RU,2021-02-02 18:24:45
457,Bam,29.106,58.357,51.82,39,0,2.46,IR,2021-02-02 18:24:46
458,Gumdag,39.2061,54.5906,50.23,56,2,21.65,TM,2021-02-02 18:24:46
459,Bartica,6.4,-58.6167,77.0,94,90,11.5,GY,2021-02-02 18:24:46
460,Altamont,42.2068,-121.7372,39.0,75,75,9.22,US,2021-02-02 18:24:46
461,Komsomolskiy,40.4272,71.7189,39.2,65,31,4.61,UZ,2021-02-02 18:24:46
462,Port Blair,11.6667,92.75,77.65,81,0,11.25,IN,2021-02-02 18:24:46
463,Union De San Antonio,21.1,-101.9667,62.6,36,75,2.53,MX,2021-02-02 18:24:46
464,Male,4.1748,73.5089,82.4,83,20,19.57,MV,2021-02-02 18:24:46
465,Contai,21.7786,87.7536,62.02,56,0,6.71,IN,2021-02-02 18:24:47
466,Torit,4.4133,32.5678,87.69,22,57,8.01,SS,2021-02-02 18:24:47
467,Ust-Kuyga,70.0167,135.6,-25.13,84,100,6.06,RU,2021-02-02 18:24:47
468,Mimongo,-1.6195,11.6068,73.0,93,99,1.03,GA,2021-02-02 18:24:47
469,Cotonou,6.3654,2.4183,84.2,84,20,9.22,BJ,2021-02-02 18:24:47
470,Marystown,47.1666,-55.1483,28.94,92,99,12.59,CA,2021-02-02 18:22:09
471,Lamar,33.6668,-95.5836,54.0,40,1,9.22,US,2021-02-02 18:24:48
472,Yulara,-25.2406,130.9889,78.8,31,10,9.22,AU,2021-02-02 18:24:48
473,Comodoro Rivadavia,-45.8667,-67.5,84.2,28,0,6.91,AR,2021-02-02 18:24:48
474,Speedway,39.8023,-86.2672,34.0,55,90,10.36,US,2021-02-02 18:24:48
475,Santa Rosa,14.3122,121.1114,77.0,78,20,2.3,PH,2021-02-02 18:24:48
476,Aden,12.7794,45.0367,75.47,73,1,8.75,YE,2021-02-02 18:22:37
477,San Quintin,30.4833,-115.95,67.98,48,100,4.79,MX,2021-02-02 18:24:49
478,Kangaatsiaq,68.3065,-53.4641,2.37,93,100,7.72,GL,2021-02-02 18:24:49
479,Poum,-20.2333,164.0167,76.96,81,100,26.33,NC,2021-02-02 18:24:49
480,Korla,41.7597,86.1469,26.28,81,89,2.35,CN,2021-02-02 18:24:49
481,Valparaiso,-33.0393,-71.6273,66.2,72,40,6.91,CL,2021-02-02 18:22:53
482,Fort Nelson,58.8053,-122.7002,-7.6,71,90,10.36,CA,2021-02-02 18:24:49
483,Dawson Creek,55.7666,-120.2362,-7.6,77,90,11.5,CA,2021-02-02 18:24:50
484,Kapoeta,4.7717,33.5903,85.55,27,1,10.83,SS,2021-02-02 18:24:50
485,Ambon,-3.6954,128.1814,78.8,83,40,3.44,ID,2021-02-02 18:24:50
486,Abay,49.6311,72.8539,3.2,78,0,4.47,KZ,2021-02-02 18:24:50
487,Baruun-Urt,46.6806,113.2792,-13.65,84,18,8.16,MN,2021-02-02 18:24:50
488,Tacuarembo,-31.7333,-55.9833,84.49,58,59,4.03,UY,2021-02-02 18:21:51
489,Grenaa,56.4158,10.8783,30.2,93,75,3.44,DK,2021-02-02 18:24:50
490,Morant Bay,17.8815,-76.4093,82.4,69,40,8.05,JM,2021-02-02 18:24:51
491,Yumen,40.2833,97.2,26.29,67,99,14.38,CN,2021-02-02 18:24:51
492,Nuyo,7.4181,124.4108,72.82,81,88,3.13,PH,2021-02-02 18:24:51
493,Otukpo,7.1913,8.1329,90.77,27,6,1.99,NG,2021-02-02 18:24:51
494,Mayo,38.8876,-76.5119,37.0,80,90,8.05,US,2021-02-02 18:24:51
495,Kidal,18.4411,1.4078,77.41,16,0,7.7,ML,2021-02-02 18:24:51
496,Kallithea,37.95,23.7,59.0,87,20,2.15,GR,2021-02-02 18:24:51
497,Capoeiras,-8.7347,-36.6267,86.76,31,81,9.46,BR,2021-02-02 18:24:52
498,Timbiqui,2.7717,-77.6654,82.63,80,71,7.14,CO,2021-02-02 18:24:52
499,Bisho,-32.8472,27.4422,69.8,78,0,16.11,ZA,2021-02-02 18:24:52
500,Seminole,28.7086,-81.2081,53.01,40,1,14.97,US,2021-02-02 18:24:52
501,Hailar,49.2,119.7,-25.37,84,0,7.23,CN,2021-02-02 18:24:52
502,Jaru,-10.4389,-62.4664,88.56,69,93,1.83,BR,2021-02-02 18:24:52
503,Kortkeros,61.8106,51.5806,23.0,100,90,6.71,RU,2021-02-02 18:24:53
504,Riachao Das Neves,-11.7461,-44.91,85.89,55,66,4.61,BR,2021-02-02 18:24:53
505,Mackay,-21.15,149.2,75.2,88,10,4.12,AU,2021-02-02 18:24:53
506,Maragogi,-9.0122,-35.2225,82.69,67,32,13.29,BR,2021-02-02 18:24:53
507,Kamina,-8.7386,24.9906,67.41,93,71,0.94,CD,2021-02-02 18:24:53
508,Iquique,-20.2208,-70.1431,75.2,53,0,18.41,CL,2021-02-02 18:24:53
509,Kattivakkam,13.2167,80.3167,80.6,65,20,9.22,IN,2021-02-02 18:24:53
510,Boguchany,58.3814,97.4531,-11.29,87,100,2.84,RU,2021-02-02 18:24:54
511,Moree,-29.4667,149.85,64.4,82,0,11.5,AU,2021-02-02 18:24:54
512,Lianzhou,24.7811,112.3825,57.33,70,51,2.89,CN,2021-02-02 18:24:54
513,Zeerust,-25.5369,26.0751,64.4,94,75,11.5,ZA,2021-02-02 18:24:54
514,Harrisonburg,38.4496,-78.8689,37.0,48,90,9.22,US,2021-02-02 18:24:54
515,Buala,-8.145,159.5921,80.11,81,95,9.17,SB,2021-02-02 18:24:54
516,Eyrarbakki,63.863,-21.1481,33.8,55,0,13.8,IS,2021-02-02 18:24:54
517,Port Augusta,-32.5,137.7667,64.4,63,0,6.91,AU,2021-02-02 18:24:55
518,Ramhormoz,31.28,49.6035,57.2,54,0,4.61,IR,2021-02-02 18:24:55
519,Zambezi,-13.5432,23.1047,68.43,89,100,1.14,ZM,2021-02-02 18:24:55
520,Namatanai,-3.6667,152.4333,77.45,90,100,11.16,PG,2021-02-02 18:24:55
521,Egvekinot,66.3167,-179.1667,-2.07,95,100,12.24,RU,2021-02-02 18:24:55
522,Assiniboia,49.6334,-105.9845,41.0,48,20,8.05,CA,2021-02-02 18:24:55
523,Grants Pass,42.439,-123.3284,44.6,81,40,4.61,US,2021-02-02 18:24:55
524,Itabera,-23.8619,-49.1372,82.67,67,4,3.27,BR,2021-02-02 18:24:56
525,Carutapera,-1.195,-46.02,86.72,60,41,11.21,BR,2021-02-02 18:24:56
526,Natchez,31.5604,-91.4032,46.4,57,1,8.05,US,2021-02-02 18:24:56
527,Bata,1.8639,9.7658,84.2,84,20,4.61,GQ,2021-02-02 18:24:58
528,Pathri,19.25,76.45,66.87,25,0,8.16,IN,2021-02-02 18:24:58
529,Auki,-8.7676,160.7034,78.15,86,99,4.7,SB,2021-02-02 18:24:58
530,Ladario,-19.0047,-57.6017,96.8,66,40,12.66,BR,2021-02-02 18:24:59
531,Alberton,46.8168,-64.0654,30.2,100,100,32.21,CA,2021-02-02 18:24:59
532,Nuevo Progreso,23.1667,-97.95,72.0,47,0,5.01,MX,2021-02-02 18:24:59
533,Marsh Harbour,26.5412,-77.0636,58.69,70,63,33.17,BS,2021-02-02 18:24:59
534,Kilingi-Nomme,58.1503,24.9642,23.23,98,100,10.42,EE,2021-02-02 18:24:59
535,Nizhniy Baskunchak,48.2198,46.8311,39.34,92,100,11.86,RU,2021-02-02 18:24:59
536,Vung Tau,10.346,107.0843,74.57,82,0,13.65,VN,2021-02-02 18:22:34
537,Aranos,-24.1333,19.1167,84.47,23,16,13.87,NA,2021-02-02 18:25:00
538,Vardo,70.3705,31.1107,26.6,74,40,20.71,NO,2021-02-02 18:25:00
539,Empoli,43.7175,10.9414,48.99,84,47,1.7,IT,2021-02-02 18:25:00
540,Charagua,-19.8,-63.2167,80.6,74,75,4.47,BO,2021-02-02 18:25:00
541,Olafsvik,64.8945,-23.7142,35.83,79,100,16.69,IS,2021-02-02 18:25:00
542,Bella Union,-30.2752,-57.6007,85.57,58,63,7.7,UY,2021-02-02 18:25:00
543,Pahrump,36.2083,-115.9839,63.0,57,2,10.33,US,2021-02-02 18:25:00
544,Zhengjiatun,43.5064,123.5064,-12.26,83,18,7.0,CN,2021-02-02 18:25:00
545,Sabha,27.0377,14.4283,59.68,38,32,11.07,LY,2021-02-02 18:25:01
546,Tbilisskaya,45.3633,40.19,48.76,58,4,8.72,RU,2021-02-02 18:23:07
547,Floresti,47.8933,28.3014,29.21,98,77,3.42,MD,2021-02-02 18:25:01
548,Sorong,-0.8833,131.25,77.99,84,100,7.65,ID,2021-02-02 18:25:01
549,Makurdi,7.7411,8.5121,91.27,12,0,4.09,NG,2021-02-02 18:25:01
550,Zhangjiakou,40.81,114.8794,15.62,70,24,1.07,CN,2021-02-02 18:25:02
551,Asau,46.4333,26.4,33.01,73,18,4.76,RO,2021-02-02 18:25:02
552,Bay Roberts,47.5999,-53.2648,28.99,77,62,1.99,CA,2021-02-02 18:25:02
553,Castrovillari,39.8203,16.2123,52.0,100,90,6.91,IT,2021-02-02 18:25:02
554,Bitung,1.4451,125.1824,75.2,94,20,2.3,ID,2021-02-02 18:25:03
555,Bud,39.447,-86.1758,34.0,59,1,12.66,US,2021-02-02 18:25:03
556,Trincomalee,8.5711,81.2335,78.76,78,75,17.85,LK,2021-02-02 18:25:03
557,Gushi,34.6425,109.5843,37.26,61,0,1.19,CN,2021-02-02 18:25:03
558,Bonthe,7.5264,-12.505,83.86,67,31,12.35,SL,2021-02-02 18:25:03
559,Klyuchi,52.2667,79.1667,3.04,93,89,7.63,RU,2021-02-02 18:25:03
560,Kaili,-3.4626,120.2147,67.55,95,100,2.33,ID,2021-02-02 18:25:04
561,Menongue,-14.6585,17.691,68.9,75,61,1.83,AO,2021-02-02 18:25:04
562,Merauke,-8.4667,140.3333,79.29,86,88,14.92,ID,2021-02-02 18:25:04
563,Paita,-5.0892,-81.1144,84.2,54,0,14.97,PE,2021-02-02 18:25:04
564,Champua,22.0833,85.6667,56.37,36,0,0.49,IN,2021-02-02 18:25:04
565,Karonga,-9.9333,33.9333,77.59,74,45,3.56,MW,2021-02-02 18:25:04
566,Robertsport,6.7533,-11.3686,81.55,79,26,12.53,LR,2021-02-02 18:25:04
567,Arak,34.0917,49.6892,40.91,62,0,0.63,IR,2021-02-02 18:25:05
568,North Bend,43.4065,-124.2243,46.99,87,40,5.75,US,2021-02-02 18:25:05
569,Coron,11.9986,120.2043,76.69,77,6,0.49,PH,2021-02-02 18:25:05
570,Iberia,29.9502,-91.7507,52.0,50,1,4.61,US,2021-02-02 18:20:43
571,San Jose Del Palmar,4.9742,-76.2283,78.8,65,75,3.44,CO,2021-02-02 18:25:05
572,Coquimbo,-29.9533,-71.3436,66.2,68,40,12.66,CL,2021-02-02 18:25:05
573,Svobodnyy,51.4,128.1333,-25.91,81,77,8.97,RU,2021-02-02 18:25:05
574,Sumbe,-11.2061,13.8437,78.12,75,21,7.63,AO,2021-02-02 18:25:06
575,Benguela,-12.5763,13.4055,77.72,74,34,6.8,AO,2021-02-02 18:25:06
